{"cameraMode":{"drawMode":0,"name":"Shaded","section":"Shading Mode"},"sceneLighting":false,"audioPlay":false,"sceneViewState":{"showFog":true,"showMaterialUpdate":false,"showSkybox":false,"showFlares":true,"showImageEffects":true,"showParticleSystems":true},"in2DMode":false,"pivot":{"x":-0.2912569046020508,"y":0.437528133392334,"z":0.13911724090576173},"rotation":{"x":-0.08156213164329529,"y":0.896596372127533,"z":-0.18577535450458527,"w":-0.3936382234096527},"size":8.681818962097168,"orthographic":false}